,0
0,"b'Actual Generation Output Per Generation Unit (B1610)\nTime Series ID,Registered Resource  EIC Code,BM Unit ID,NGC BM Unit ID,PSR Type,Market Generation Unit EIC Code,Market Generation BMU ID,Market Generation NGC BM Unit ID,Settlement Date,SP,Quantity (MW)\nELX-EMFIP-AGOG-TS-230,48W00000GRGBW-3R,T_GRGBW-3,GRGBW-3,Generation,48W00000GRGBW-3R,T_GRGBW-3,GRGBW-3,2017-01-01,1,108.118'"
1,"b'Actual Generation Output Per Generation Unit (B1610)\nTime Series ID,Registered Resource  EIC Code,BM Unit ID,NGC BM Unit ID,PSR Type,Market Generation Unit EIC Code,Market Generation BMU ID,Market Generation NGC BM Unit ID,Settlement Date,SP,Quantity (MW)\nELX-EMFIP-AGOG-TS-530,48W00000GRGBW-3R,T_GRGBW-3,GRGBW-3,Generation,48W00000GRGBW-3R,T_GRGBW-3,GRGBW-3,2017-01-01,2,104.56'"
2,"b'Actual Generation Output Per Generation Unit (B1610)\nTime Series ID,Registered Resource  EIC Code,BM Unit ID,NGC BM Unit ID,PSR Type,Market Generation Unit EIC Code,Market Generation BMU ID,Market Generation NGC BM Unit ID,Settlement Date,SP,Quantity (MW)\nELX-EMFIP-AGOG-TS-827,48W00000GRGBW-3R,T_GRGBW-3,GRGBW-3,Generation,48W00000GRGBW-3R,T_GRGBW-3,GRGBW-3,2017-01-01,3,108.074'"
3,"b'Actual Generation Output Per Generation Unit (B1610)\nTime Series ID,Registered Resource  EIC Code,BM Unit ID,NGC BM Unit ID,PSR Type,Market Generation Unit EIC Code,Market Generation BMU ID,Market Generation NGC BM Unit ID,Settlement Date,SP,Quantity (MW)\nELX-EMFIP-AGOG-TS-1127,48W00000GRGBW-3R,T_GRGBW-3,GRGBW-3,Generation,48W00000GRGBW-3R,T_GRGBW-3,GRGBW-3,2017-01-01,4,121.856'"
4,"b'Actual Generation Output Per Generation Unit (B1610)\nTime Series ID,Registered Resource  EIC Code,BM Unit ID,NGC BM Unit ID,PSR Type,Market Generation Unit EIC Code,Market Generation BMU ID,Market Generation NGC BM Unit ID,Settlement Date,SP,Quantity (MW)\nELX-EMFIP-AGOG-TS-1424,48W00000GRGBW-3R,T_GRGBW-3,GRGBW-3,Generation,48W00000GRGBW-3R,T_GRGBW-3,GRGBW-3,2017-01-01,5,130.124'"
5,"b'Actual Generation Output Per Generation Unit (B1610)\nTime Series ID,Registered Resource  EIC Code,BM Unit ID,NGC BM Unit ID,PSR Type,Market Generation Unit EIC Code,Market Generation BMU ID,Market Generation NGC BM Unit ID,Settlement Date,SP,Quantity (MW)\nELX-EMFIP-AGOG-TS-1723,48W00000GRGBW-3R,T_GRGBW-3,GRGBW-3,Generation,48W00000GRGBW-3R,T_GRGBW-3,GRGBW-3,2017-01-01,6,117.556'"
6,"b'Actual Generation Output Per Generation Unit (B1610)\nTime Series ID,Registered Resource  EIC Code,BM Unit ID,NGC BM Unit ID,PSR Type,Market Generation Unit EIC Code,Market Generation BMU ID,Market Generation NGC BM Unit ID,Settlement Date,SP,Quantity (MW)\nELX-EMFIP-AGOG-TS-2020,48W00000GRGBW-3R,T_GRGBW-3,GRGBW-3,Generation,48W00000GRGBW-3R,T_GRGBW-3,GRGBW-3,2017-01-01,7,124.958'"
7,"b'Actual Generation Output Per Generation Unit (B1610)\nTime Series ID,Registered Resource  EIC Code,BM Unit ID,NGC BM Unit ID,PSR Type,Market Generation Unit EIC Code,Market Generation BMU ID,Market Generation NGC BM Unit ID,Settlement Date,SP,Quantity (MW)\nELX-EMFIP-AGOG-TS-2318,48W00000GRGBW-3R,T_GRGBW-3,GRGBW-3,Generation,48W00000GRGBW-3R,T_GRGBW-3,GRGBW-3,2017-01-01,8,145.706'"
8,"b'Actual Generation Output Per Generation Unit (B1610)\nTime Series ID,Registered Resource  EIC Code,BM Unit ID,NGC BM Unit ID,PSR Type,Market Generation Unit EIC Code,Market Generation BMU ID,Market Generation NGC BM Unit ID,Settlement Date,SP,Quantity (MW)\nELX-EMFIP-AGOG-TS-2614,48W00000GRGBW-3R,T_GRGBW-3,GRGBW-3,Generation,48W00000GRGBW-3R,T_GRGBW-3,GRGBW-3,2017-01-01,9,148.04'"
9,"b'Actual Generation Output Per Generation Unit (B1610)\nTime Series ID,Registered Resource  EIC Code,BM Unit ID,NGC BM Unit ID,PSR Type,Market Generation Unit EIC Code,Market Generation BMU ID,Market Generation NGC BM Unit ID,Settlement Date,SP,Quantity (MW)\nELX-EMFIP-AGOG-TS-2912,48W00000GRGBW-3R,T_GRGBW-3,GRGBW-3,Generation,48W00000GRGBW-3R,T_GRGBW-3,GRGBW-3,2017-01-01,10,152.878'"
10,"b'Actual Generation Output Per Generation Unit (B1610)\nTime Series ID,Registered Resource  EIC Code,BM Unit ID,NGC BM Unit ID,PSR Type,Market Generation Unit EIC Code,Market Generation BMU ID,Market Generation NGC BM Unit ID,Settlement Date,SP,Quantity (MW)\nELX-EMFIP-AGOG-TS-3206,48W00000GRGBW-3R,T_GRGBW-3,GRGBW-3,Generation,48W00000GRGBW-3R,T_GRGBW-3,GRGBW-3,2017-01-01,11,155.69'"
11,"b'Actual Generation Output Per Generation Unit (B1610)\nTime Series ID,Registered Resource  EIC Code,BM Unit ID,NGC BM Unit ID,PSR Type,Market Generation Unit EIC Code,Market Generation BMU ID,Market Generation NGC BM Unit ID,Settlement Date,SP,Quantity (MW)\nELX-EMFIP-AGOG-TS-3500,48W00000GRGBW-3R,T_GRGBW-3,GRGBW-3,Generation,48W00000GRGBW-3R,T_GRGBW-3,GRGBW-3,2017-01-01,12,155.362'"
12,"b'Actual Generation Output Per Generation Unit (B1610)\nTime Series ID,Registered Resource  EIC Code,BM Unit ID,NGC BM Unit ID,PSR Type,Market Generation Unit EIC Code,Market Generation BMU ID,Market Generation NGC BM Unit ID,Settlement Date,SP,Quantity (MW)\nELX-EMFIP-AGOG-TS-3791,48W00000GRGBW-3R,T_GRGBW-3,GRGBW-3,Generation,48W00000GRGBW-3R,T_GRGBW-3,GRGBW-3,2017-01-01,13,156.856'"
13,"b'Actual Generation Output Per Generation Unit (B1610)\nTime Series ID,Registered Resource  EIC Code,BM Unit ID,NGC BM Unit ID,PSR Type,Market Generation Unit EIC Code,Market Generation BMU ID,Market Generation NGC BM Unit ID,Settlement Date,SP,Quantity (MW)\nELX-EMFIP-AGOG-TS-4080,48W00000GRGBW-3R,T_GRGBW-3,GRGBW-3,Generation,48W00000GRGBW-3R,T_GRGBW-3,GRGBW-3,2017-01-01,14,155.128'"
14,"b'Actual Generation Output Per Generation Unit (B1610)\nTime Series ID,Registered Resource  EIC Code,BM Unit ID,NGC BM Unit ID,PSR Type,Market Generation Unit EIC Code,Market Generation BMU ID,Market Generation NGC BM Unit ID,Settlement Date,SP,Quantity (MW)\nELX-EMFIP-AGOG-TS-4370,48W00000GRGBW-3R,T_GRGBW-3,GRGBW-3,Generation,48W00000GRGBW-3R,T_GRGBW-3,GRGBW-3,2017-01-01,15,150.66'"
15,"b'Actual Generation Output Per Generation Unit (B1610)\nTime Series ID,Registered Resource  EIC Code,BM Unit ID,NGC BM Unit ID,PSR Type,Market Generation Unit EIC Code,Market Generation BMU ID,Market Generation NGC BM Unit ID,Settlement Date,SP,Quantity (MW)\nELX-EMFIP-AGOG-TS-4672,48W00000GRGBW-3R,T_GRGBW-3,GRGBW-3,Generation,48W00000GRGBW-3R,T_GRGBW-3,GRGBW-3,2017-01-01,16,145.376'"
16,"b'Actual Generation Output Per Generation Unit (B1610)\nTime Series ID,Registered Resource  EIC Code,BM Unit ID,NGC BM Unit ID,PSR Type,Market Generation Unit EIC Code,Market Generation BMU ID,Market Generation NGC BM Unit ID,Settlement Date,SP,Quantity (MW)\nELX-EMFIP-AGOG-TS-4977,48W00000GRGBW-3R,T_GRGBW-3,GRGBW-3,Generation,48W00000GRGBW-3R,T_GRGBW-3,GRGBW-3,2017-01-01,17,150.206'"
17,"b'Actual Generation Output Per Generation Unit (B1610)\nTime Series ID,Registered Resource  EIC Code,BM Unit ID,NGC BM Unit ID,PSR Type,Market Generation Unit EIC Code,Market Generation BMU ID,Market Generation NGC BM Unit ID,Settlement Date,SP,Quantity (MW)\nELX-EMFIP-AGOG-TS-5287,48W00000GRGBW-3R,T_GRGBW-3,GRGBW-3,Generation,48W00000GRGBW-3R,T_GRGBW-3,GRGBW-3,2017-01-01,18,155.808'"
18,"b'Actual Generation Output Per Generation Unit (B1610)\nTime Series ID,Registered Resource  EIC Code,BM Unit ID,NGC BM Unit ID,PSR Type,Market Generation Unit EIC Code,Market Generation BMU ID,Market Generation NGC BM Unit ID,Settlement Date,SP,Quantity (MW)\nELX-EMFIP-AGOG-TS-5601,48W00000GRGBW-3R,T_GRGBW-3,GRGBW-3,Generation,48W00000GRGBW-3R,T_GRGBW-3,GRGBW-3,2017-01-01,19,153.772'"
19,"b'Actual Generation Output Per Generation Unit (B1610)\nTime Series ID,Registered Resource  EIC Code,BM Unit ID,NGC BM Unit ID,PSR Type,Market Generation Unit EIC Code,Market Generation BMU ID,Market Generation NGC BM Unit ID,Settlement Date,SP,Quantity (MW)\nELX-EMFIP-AGOG-TS-5916,48W00000GRGBW-3R,T_GRGBW-3,GRGBW-3,Generation,48W00000GRGBW-3R,T_GRGBW-3,GRGBW-3,2017-01-01,20,155.582'"
20,"b'Actual Generation Output Per Generation Unit (B1610)\nTime Series ID,Registered Resource  EIC Code,BM Unit ID,NGC BM Unit ID,PSR Type,Market Generation Unit EIC Code,Market Generation BMU ID,Market Generation NGC BM Unit ID,Settlement Date,SP,Quantity (MW)\nELX-EMFIP-AGOG-TS-6234,48W00000GRGBW-3R,T_GRGBW-3,GRGBW-3,Generation,48W00000GRGBW-3R,T_GRGBW-3,GRGBW-3,2017-01-01,21,152.95'"
21,"b'Actual Generation Output Per Generation Unit (B1610)\nTime Series ID,Registered Resource  EIC Code,BM Unit ID,NGC BM Unit ID,PSR Type,Market Generation Unit EIC Code,Market Generation BMU ID,Market Generation NGC BM Unit ID,Settlement Date,SP,Quantity (MW)\nELX-EMFIP-AGOG-TS-6561,48W00000GRGBW-3R,T_GRGBW-3,GRGBW-3,Generation,48W00000GRGBW-3R,T_GRGBW-3,GRGBW-3,2017-01-01,22,155.156'"
22,"b'Actual Generation Output Per Generation Unit (B1610)\nTime Series ID,Registered Resource  EIC Code,BM Unit ID,NGC BM Unit ID,PSR Type,Market Generation Unit EIC Code,Market Generation BMU ID,Market Generation NGC BM Unit ID,Settlement Date,SP,Quantity (MW)\nELX-EMFIP-AGOG-TS-6890,48W00000GRGBW-3R,T_GRGBW-3,GRGBW-3,Generation,48W00000GRGBW-3R,T_GRGBW-3,GRGBW-3,2017-01-01,23,158.124'"
23,"b'Actual Generation Output Per Generation Unit (B1610)\nTime Series ID,Registered Resource  EIC Code,BM Unit ID,NGC BM Unit ID,PSR Type,Market Generation Unit EIC Code,Market Generation BMU ID,Market Generation NGC BM Unit ID,Settlement Date,SP,Quantity (MW)\nELX-EMFIP-AGOG-TS-7217,48W00000GRGBW-3R,T_GRGBW-3,GRGBW-3,Generation,48W00000GRGBW-3R,T_GRGBW-3,GRGBW-3,2017-01-01,24,159.736'"
24,"b'Actual Generation Output Per Generation Unit (B1610)\nTime Series ID,Registered Resource  EIC Code,BM Unit ID,NGC BM Unit ID,PSR Type,Market Generation Unit EIC Code,Market Generation BMU ID,Market Generation NGC BM Unit ID,Settlement Date,SP,Quantity (MW)\nELX-EMFIP-AGOG-TS-7541,48W00000GRGBW-3R,T_GRGBW-3,GRGBW-3,Generation,48W00000GRGBW-3R,T_GRGBW-3,GRGBW-3,2017-01-01,25,160.016'"
25,"b'Actual Generation Output Per Generation Unit (B1610)\nTime Series ID,Registered Resource  EIC Code,BM Unit ID,NGC BM Unit ID,PSR Type,Market Generation Unit EIC Code,Market Generation BMU ID,Market Generation NGC BM Unit ID,Settlement Date,SP,Quantity (MW)\nELX-EMFIP-AGOG-TS-7866,48W00000GRGBW-3R,T_GRGBW-3,GRGBW-3,Generation,48W00000GRGBW-3R,T_GRGBW-3,GRGBW-3,2017-01-01,26,159.522'"
26,"b'Actual Generation Output Per Generation Unit (B1610)\nTime Series ID,Registered Resource  EIC Code,BM Unit ID,NGC BM Unit ID,PSR Type,Market Generation Unit EIC Code,Market Generation BMU ID,Market Generation NGC BM Unit ID,Settlement Date,SP,Quantity (MW)\nELX-EMFIP-AGOG-TS-8192,48W00000GRGBW-3R,T_GRGBW-3,GRGBW-3,Generation,48W00000GRGBW-3R,T_GRGBW-3,GRGBW-3,2017-01-01,27,157.092'"
27,"b'Actual Generation Output Per Generation Unit (B1610)\nTime Series ID,Registered Resource  EIC Code,BM Unit ID,NGC BM Unit ID,PSR Type,Market Generation Unit EIC Code,Market Generation BMU ID,Market Generation NGC BM Unit ID,Settlement Date,SP,Quantity (MW)\nELX-EMFIP-AGOG-TS-8517,48W00000GRGBW-3R,T_GRGBW-3,GRGBW-3,Generation,48W00000GRGBW-3R,T_GRGBW-3,GRGBW-3,2017-01-01,28,138.598'"
28,"b'Actual Generation Output Per Generation Unit (B1610)\nTime Series ID,Registered Resource  EIC Code,BM Unit ID,NGC BM Unit ID,PSR Type,Market Generation Unit EIC Code,Market Generation BMU ID,Market Generation NGC BM Unit ID,Settlement Date,SP,Quantity (MW)\nELX-EMFIP-AGOG-TS-8843,48W00000GRGBW-3R,T_GRGBW-3,GRGBW-3,Generation,48W00000GRGBW-3R,T_GRGBW-3,GRGBW-3,2017-01-01,29,92.892'"
29,"b'Actual Generation Output Per Generation Unit (B1610)\nTime Series ID,Registered Resource  EIC Code,BM Unit ID,NGC BM Unit ID,PSR Type,Market Generation Unit EIC Code,Market Generation BMU ID,Market Generation NGC BM Unit ID,Settlement Date,SP,Quantity (MW)\nELX-EMFIP-AGOG-TS-9168,48W00000GRGBW-3R,T_GRGBW-3,GRGBW-3,Generation,48W00000GRGBW-3R,T_GRGBW-3,GRGBW-3,2017-01-01,30,67.124'"
30,"b'Actual Generation Output Per Generation Unit (B1610)\nTime Series ID,Registered Resource  EIC Code,BM Unit ID,NGC BM Unit ID,PSR Type,Market Generation Unit EIC Code,Market Generation BMU ID,Market Generation NGC BM Unit ID,Settlement Date,SP,Quantity (MW)\nELX-EMFIP-AGOG-TS-9495,48W00000GRGBW-3R,T_GRGBW-3,GRGBW-3,Generation,48W00000GRGBW-3R,T_GRGBW-3,GRGBW-3,2017-01-01,31,63.426'"
31,"b'Actual Generation Output Per Generation Unit (B1610)\nTime Series ID,Registered Resource  EIC Code,BM Unit ID,NGC BM Unit ID,PSR Type,Market Generation Unit EIC Code,Market Generation BMU ID,Market Generation NGC BM Unit ID,Settlement Date,SP,Quantity (MW)\nELX-EMFIP-AGOG-TS-9821,48W00000GRGBW-3R,T_GRGBW-3,GRGBW-3,Generation,48W00000GRGBW-3R,T_GRGBW-3,GRGBW-3,2017-01-01,32,101.798'"
32,"b'Actual Generation Output Per Generation Unit (B1610)\nTime Series ID,Registered Resource  EIC Code,BM Unit ID,NGC BM Unit ID,PSR Type,Market Generation Unit EIC Code,Market Generation BMU ID,Market Generation NGC BM Unit ID,Settlement Date,SP,Quantity (MW)\nELX-EMFIP-AGOG-TS-10134,48W00000GRGBW-3R,T_GRGBW-3,GRGBW-3,Generation,48W00000GRGBW-3R,T_GRGBW-3,GRGBW-3,2017-01-01,33,131.68'"
33,"b'Actual Generation Output Per Generation Unit (B1610)\nTime Series ID,Registered Resource  EIC Code,BM Unit ID,NGC BM Unit ID,PSR Type,Market Generation Unit EIC Code,Market Generation BMU ID,Market Generation NGC BM Unit ID,Settlement Date,SP,Quantity (MW)\nELX-EMFIP-AGOG-TS-10456,48W00000GRGBW-3R,T_GRGBW-3,GRGBW-3,Generation,48W00000GRGBW-3R,T_GRGBW-3,GRGBW-3,2017-01-01,34,148.694'"
34,"b'Actual Generation Output Per Generation Unit (B1610)\nTime Series ID,Registered Resource  EIC Code,BM Unit ID,NGC BM Unit ID,PSR Type,Market Generation Unit EIC Code,Market Generation BMU ID,Market Generation NGC BM Unit ID,Settlement Date,SP,Quantity (MW)\nELX-EMFIP-AGOG-TS-10782,48W00000GRGBW-3R,T_GRGBW-3,GRGBW-3,Generation,48W00000GRGBW-3R,T_GRGBW-3,GRGBW-3,2017-01-01,35,157.48'"
35,"b'Actual Generation Output Per Generation Unit (B1610)\nTime Series ID,Registered Resource  EIC Code,BM Unit ID,NGC BM Unit ID,PSR Type,Market Generation Unit EIC Code,Market Generation BMU ID,Market Generation NGC BM Unit ID,Settlement Date,SP,Quantity (MW)\nELX-EMFIP-AGOG-TS-11113,48W00000GRGBW-3R,T_GRGBW-3,GRGBW-3,Generation,48W00000GRGBW-3R,T_GRGBW-3,GRGBW-3,2017-01-01,36,160.016'"
36,"b'Actual Generation Output Per Generation Unit (B1610)\nTime Series ID,Registered Resource  EIC Code,BM Unit ID,NGC BM Unit ID,PSR Type,Market Generation Unit EIC Code,Market Generation BMU ID,Market Generation NGC BM Unit ID,Settlement Date,SP,Quantity (MW)\nELX-EMFIP-AGOG-TS-11439,48W00000GRGBW-3R,T_GRGBW-3,GRGBW-3,Generation,48W00000GRGBW-3R,T_GRGBW-3,GRGBW-3,2017-01-01,37,157.872'"
37,"b'Actual Generation Output Per Generation Unit (B1610)\nTime Series ID,Registered Resource  EIC Code,BM Unit ID,NGC BM Unit ID,PSR Type,Market Generation Unit EIC Code,Market Generation BMU ID,Market Generation NGC BM Unit ID,Settlement Date,SP,Quantity (MW)\nELX-EMFIP-AGOG-TS-11768,48W00000GRGBW-3R,T_GRGBW-3,GRGBW-3,Generation,48W00000GRGBW-3R,T_GRGBW-3,GRGBW-3,2017-01-01,38,156.2'"
38,"b'Actual Generation Output Per Generation Unit (B1610)\nTime Series ID,Registered Resource  EIC Code,BM Unit ID,NGC BM Unit ID,PSR Type,Market Generation Unit EIC Code,Market Generation BMU ID,Market Generation NGC BM Unit ID,Settlement Date,SP,Quantity (MW)\nELX-EMFIP-AGOG-TS-12099,48W00000GRGBW-3R,T_GRGBW-3,GRGBW-3,Generation,48W00000GRGBW-3R,T_GRGBW-3,GRGBW-3,2017-01-01,39,144.956'"
39,"b'Actual Generation Output Per Generation Unit (B1610)\nTime Series ID,Registered Resource  EIC Code,BM Unit ID,NGC BM Unit ID,PSR Type,Market Generation Unit EIC Code,Market Generation BMU ID,Market Generation NGC BM Unit ID,Settlement Date,SP,Quantity (MW)\nELX-EMFIP-AGOG-TS-12427,48W00000GRGBW-3R,T_GRGBW-3,GRGBW-3,Generation,48W00000GRGBW-3R,T_GRGBW-3,GRGBW-3,2017-01-01,40,154.866'"
40,"b'Actual Generation Output Per Generation Unit (B1610)\nTime Series ID,Registered Resource  EIC Code,BM Unit ID,NGC BM Unit ID,PSR Type,Market Generation Unit EIC Code,Market Generation BMU ID,Market Generation NGC BM Unit ID,Settlement Date,SP,Quantity (MW)\nELX-EMFIP-AGOG-TS-12751,48W00000GRGBW-3R,T_GRGBW-3,GRGBW-3,Generation,48W00000GRGBW-3R,T_GRGBW-3,GRGBW-3,2017-01-01,41,155.404'"
41,"b'Actual Generation Output Per Generation Unit (B1610)\nTime Series ID,Registered Resource  EIC Code,BM Unit ID,NGC BM Unit ID,PSR Type,Market Generation Unit EIC Code,Market Generation BMU ID,Market Generation NGC BM Unit ID,Settlement Date,SP,Quantity (MW)\nELX-EMFIP-AGOG-TS-13063,48W00000GRGBW-3R,T_GRGBW-3,GRGBW-3,Generation,48W00000GRGBW-3R,T_GRGBW-3,GRGBW-3,2017-01-01,42,153.672'"
42,"b'Actual Generation Output Per Generation Unit (B1610)\nTime Series ID,Registered Resource  EIC Code,BM Unit ID,NGC BM Unit ID,PSR Type,Market Generation Unit EIC Code,Market Generation BMU ID,Market Generation NGC BM Unit ID,Settlement Date,SP,Quantity (MW)\nELX-EMFIP-AGOG-TS-13368,48W00000GRGBW-3R,T_GRGBW-3,GRGBW-3,Generation,48W00000GRGBW-3R,T_GRGBW-3,GRGBW-3,2017-01-01,43,132.234'"
43,"b'Actual Generation Output Per Generation Unit (B1610)\nTime Series ID,Registered Resource  EIC Code,BM Unit ID,NGC BM Unit ID,PSR Type,Market Generation Unit EIC Code,Market Generation BMU ID,Market Generation NGC BM Unit ID,Settlement Date,SP,Quantity (MW)\nELX-EMFIP-AGOG-TS-13668,48W00000GRGBW-3R,T_GRGBW-3,GRGBW-3,Generation,48W00000GRGBW-3R,T_GRGBW-3,GRGBW-3,2017-01-01,44,96.934'"
44,"b'Actual Generation Output Per Generation Unit (B1610)\nTime Series ID,Registered Resource  EIC Code,BM Unit ID,NGC BM Unit ID,PSR Type,Market Generation Unit EIC Code,Market Generation BMU ID,Market Generation NGC BM Unit ID,Settlement Date,SP,Quantity (MW)\nELX-EMFIP-AGOG-TS-13969,48W00000GRGBW-3R,T_GRGBW-3,GRGBW-3,Generation,48W00000GRGBW-3R,T_GRGBW-3,GRGBW-3,2017-01-01,45,75.274'"
45,"b'Actual Generation Output Per Generation Unit (B1610)\nTime Series ID,Registered Resource  EIC Code,BM Unit ID,NGC BM Unit ID,PSR Type,Market Generation Unit EIC Code,Market Generation BMU ID,Market Generation NGC BM Unit ID,Settlement Date,SP,Quantity (MW)\nELX-EMFIP-AGOG-TS-14282,48W00000GRGBW-3R,T_GRGBW-3,GRGBW-3,Generation,48W00000GRGBW-3R,T_GRGBW-3,GRGBW-3,2017-01-01,46,125.52'"
46,"b'Actual Generation Output Per Generation Unit (B1610)\nTime Series ID,Registered Resource  EIC Code,BM Unit ID,NGC BM Unit ID,PSR Type,Market Generation Unit EIC Code,Market Generation BMU ID,Market Generation NGC BM Unit ID,Settlement Date,SP,Quantity (MW)\nELX-EMFIP-AGOG-TS-14587,48W00000GRGBW-3R,T_GRGBW-3,GRGBW-3,Generation,48W00000GRGBW-3R,T_GRGBW-3,GRGBW-3,2017-01-01,47,137.254'"
47,"b'Actual Generation Output Per Generation Unit (B1610)\nTime Series ID,Registered Resource  EIC Code,BM Unit ID,NGC BM Unit ID,PSR Type,Market Generation Unit EIC Code,Market Generation BMU ID,Market Generation NGC BM Unit ID,Settlement Date,SP,Quantity (MW)\nELX-EMFIP-AGOG-TS-14892,48W00000GRGBW-3R,T_GRGBW-3,GRGBW-3,Generation,48W00000GRGBW-3R,T_GRGBW-3,GRGBW-3,2017-01-01,48,133.79'"
48,"b'Actual Generation Output Per Generation Unit (B1610)\nTime Series ID,Registered Resource  EIC Code,BM Unit ID,NGC BM Unit ID,PSR Type,Market Generation Unit EIC Code,Market Generation BMU ID,Market Generation NGC BM Unit ID,Settlement Date,SP,Quantity (MW)\nELX-EMFIP-AGOG-TS-225,48W00000GRGBW-3R,T_GRGBW-3,GRGBW-3,Generation,48W00000GRGBW-3R,T_GRGBW-3,GRGBW-3,2017-01-02,1,137.456'"
49,"b'Actual Generation Output Per Generation Unit (B1610)\nTime Series ID,Registered Resource  EIC Code,BM Unit ID,NGC BM Unit ID,PSR Type,Market Generation Unit EIC Code,Market Generation BMU ID,Market Generation NGC BM Unit ID,Settlement Date,SP,Quantity (MW)\nELX-EMFIP-AGOG-TS-517,48W00000GRGBW-3R,T_GRGBW-3,GRGBW-3,Generation,48W00000GRGBW-3R,T_GRGBW-3,GRGBW-3,2017-01-02,2,144.796'"
50,"b'Actual Generation Output Per Generation Unit (B1610)\nTime Series ID,Registered Resource  EIC Code,BM Unit ID,NGC BM Unit ID,PSR Type,Market Generation Unit EIC Code,Market Generation BMU ID,Market Generation NGC BM Unit ID,Settlement Date,SP,Quantity (MW)\nELX-EMFIP-AGOG-TS-809,48W00000GRGBW-3R,T_GRGBW-3,GRGBW-3,Generation,48W00000GRGBW-3R,T_GRGBW-3,GRGBW-3,2017-01-02,3,154.406'"
51,"b'Actual Generation Output Per Generation Unit (B1610)\nTime Series ID,Registered Resource  EIC Code,BM Unit ID,NGC BM Unit ID,PSR Type,Market Generation Unit EIC Code,Market Generation BMU ID,Market Generation NGC BM Unit ID,Settlement Date,SP,Quantity (MW)\nELX-EMFIP-AGOG-TS-1100,48W00000GRGBW-3R,T_GRGBW-3,GRGBW-3,Generation,48W00000GRGBW-3R,T_GRGBW-3,GRGBW-3,2017-01-02,4,148.112'"
52,"b'Actual Generation Output Per Generation Unit (B1610)\nTime Series ID,Registered Resource  EIC Code,BM Unit ID,NGC BM Unit ID,PSR Type,Market Generation Unit EIC Code,Market Generation BMU ID,Market Generation NGC BM Unit ID,Settlement Date,SP,Quantity (MW)\nELX-EMFIP-AGOG-TS-1396,48W00000GRGBW-3R,T_GRGBW-3,GRGBW-3,Generation,48W00000GRGBW-3R,T_GRGBW-3,GRGBW-3,2017-01-02,5,142.7'"
53,"b'Actual Generation Output Per Generation Unit (B1610)\nTime Series ID,Registered Resource  EIC Code,BM Unit ID,NGC BM Unit ID,PSR Type,Market Generation Unit EIC Code,Market Generation BMU ID,Market Generation NGC BM Unit ID,Settlement Date,SP,Quantity (MW)\nELX-EMFIP-AGOG-TS-1686,48W00000GRGBW-3R,T_GRGBW-3,GRGBW-3,Generation,48W00000GRGBW-3R,T_GRGBW-3,GRGBW-3,2017-01-02,6,156.142'"
54,"b'Actual Generation Output Per Generation Unit (B1610)\nTime Series ID,Registered Resource  EIC Code,BM Unit ID,NGC BM Unit ID,PSR Type,Market Generation Unit EIC Code,Market Generation BMU ID,Market Generation NGC BM Unit ID,Settlement Date,SP,Quantity (MW)\nELX-EMFIP-AGOG-TS-1979,48W00000GRGBW-3R,T_GRGBW-3,GRGBW-3,Generation,48W00000GRGBW-3R,T_GRGBW-3,GRGBW-3,2017-01-02,7,155.212'"
55,"b'Actual Generation Output Per Generation Unit (B1610)\nTime Series ID,Registered Resource  EIC Code,BM Unit ID,NGC BM Unit ID,PSR Type,Market Generation Unit EIC Code,Market Generation BMU ID,Market Generation NGC BM Unit ID,Settlement Date,SP,Quantity (MW)\nELX-EMFIP-AGOG-TS-2274,48W00000GRGBW-3R,T_GRGBW-3,GRGBW-3,Generation,48W00000GRGBW-3R,T_GRGBW-3,GRGBW-3,2017-01-02,8,153.086'"
56,"b'Actual Generation Output Per Generation Unit (B1610)\nTime Series ID,Registered Resource  EIC Code,BM Unit ID,NGC BM Unit ID,PSR Type,Market Generation Unit EIC Code,Market Generation BMU ID,Market Generation NGC BM Unit ID,Settlement Date,SP,Quantity (MW)\nELX-EMFIP-AGOG-TS-2569,48W00000GRGBW-3R,T_GRGBW-3,GRGBW-3,Generation,48W00000GRGBW-3R,T_GRGBW-3,GRGBW-3,2017-01-02,9,148.85'"
57,"b'Actual Generation Output Per Generation Unit (B1610)\nTime Series ID,Registered Resource  EIC Code,BM Unit ID,NGC BM Unit ID,PSR Type,Market Generation Unit EIC Code,Market Generation BMU ID,Market Generation NGC BM Unit ID,Settlement Date,SP,Quantity (MW)\nELX-EMFIP-AGOG-TS-2864,48W00000GRGBW-3R,T_GRGBW-3,GRGBW-3,Generation,48W00000GRGBW-3R,T_GRGBW-3,GRGBW-3,2017-01-02,10,142.706'"
58,"b'Actual Generation Output Per Generation Unit (B1610)\nTime Series ID,Registered Resource  EIC Code,BM Unit ID,NGC BM Unit ID,PSR Type,Market Generation Unit EIC Code,Market Generation BMU ID,Market Generation NGC BM Unit ID,Settlement Date,SP,Quantity (MW)\nELX-EMFIP-AGOG-TS-3158,48W00000GRGBW-3R,T_GRGBW-3,GRGBW-3,Generation,48W00000GRGBW-3R,T_GRGBW-3,GRGBW-3,2017-01-02,11,128.616'"
59,"b'Actual Generation Output Per Generation Unit (B1610)\nTime Series ID,Registered Resource  EIC Code,BM Unit ID,NGC BM Unit ID,PSR Type,Market Generation Unit EIC Code,Market Generation BMU ID,Market Generation NGC BM Unit ID,Settlement Date,SP,Quantity (MW)\nELX-EMFIP-AGOG-TS-3452,48W00000GRGBW-3R,T_GRGBW-3,GRGBW-3,Generation,48W00000GRGBW-3R,T_GRGBW-3,GRGBW-3,2017-01-02,12,121.384'"
60,"b'Actual Generation Output Per Generation Unit (B1610)\nTime Series ID,Registered Resource  EIC Code,BM Unit ID,NGC BM Unit ID,PSR Type,Market Generation Unit EIC Code,Market Generation BMU ID,Market Generation NGC BM Unit ID,Settlement Date,SP,Quantity (MW)\nELX-EMFIP-AGOG-TS-3748,48W00000GRGBW-3R,T_GRGBW-3,GRGBW-3,Generation,48W00000GRGBW-3R,T_GRGBW-3,GRGBW-3,2017-01-02,13,134.372'"
61,"b'Actual Generation Output Per Generation Unit (B1610)\nTime Series ID,Registered Resource  EIC Code,BM Unit ID,NGC BM Unit ID,PSR Type,Market Generation Unit EIC Code,Market Generation BMU ID,Market Generation NGC BM Unit ID,Settlement Date,SP,Quantity (MW)\nELX-EMFIP-AGOG-TS-4046,48W00000GRGBW-3R,T_GRGBW-3,GRGBW-3,Generation,48W00000GRGBW-3R,T_GRGBW-3,GRGBW-3,2017-01-02,14,136.414'"
62,"b'Actual Generation Output Per Generation Unit (B1610)\nTime Series ID,Registered Resource  EIC Code,BM Unit ID,NGC BM Unit ID,PSR Type,Market Generation Unit EIC Code,Market Generation BMU ID,Market Generation NGC BM Unit ID,Settlement Date,SP,Quantity (MW)\nELX-EMFIP-AGOG-TS-4347,48W00000GRGBW-3R,T_GRGBW-3,GRGBW-3,Generation,48W00000GRGBW-3R,T_GRGBW-3,GRGBW-3,2017-01-02,15,137.138'"
63,"b'Actual Generation Output Per Generation Unit (B1610)\nTime Series ID,Registered Resource  EIC Code,BM Unit ID,NGC BM Unit ID,PSR Type,Market Generation Unit EIC Code,Market Generation BMU ID,Market Generation NGC BM Unit ID,Settlement Date,SP,Quantity (MW)\nELX-EMFIP-AGOG-TS-4647,48W00000GRGBW-3R,T_GRGBW-3,GRGBW-3,Generation,48W00000GRGBW-3R,T_GRGBW-3,GRGBW-3,2017-01-02,16,125.212'"
64,"b'Actual Generation Output Per Generation Unit (B1610)\nTime Series ID,Registered Resource  EIC Code,BM Unit ID,NGC BM Unit ID,PSR Type,Market Generation Unit EIC Code,Market Generation BMU ID,Market Generation NGC BM Unit ID,Settlement Date,SP,Quantity (MW)\nELX-EMFIP-AGOG-TS-4957,48W00000GRGBW-3R,T_GRGBW-3,GRGBW-3,Generation,48W00000GRGBW-3R,T_GRGBW-3,GRGBW-3,2017-01-02,17,126.848'"
65,"b'Actual Generation Output Per Generation Unit (B1610)\nTime Series ID,Registered Resource  EIC Code,BM Unit ID,NGC BM Unit ID,PSR Type,Market Generation Unit EIC Code,Market Generation BMU ID,Market Generation NGC BM Unit ID,Settlement Date,SP,Quantity (MW)\nELX-EMFIP-AGOG-TS-5273,48W00000GRGBW-3R,T_GRGBW-3,GRGBW-3,Generation,48W00000GRGBW-3R,T_GRGBW-3,GRGBW-3,2017-01-02,18,120.484'"
66,"b'Actual Generation Output Per Generation Unit (B1610)\nTime Series ID,Registered Resource  EIC Code,BM Unit ID,NGC BM Unit ID,PSR Type,Market Generation Unit EIC Code,Market Generation BMU ID,Market Generation NGC BM Unit ID,Settlement Date,SP,Quantity (MW)\nELX-EMFIP-AGOG-TS-5591,48W00000GRGBW-3R,T_GRGBW-3,GRGBW-3,Generation,48W00000GRGBW-3R,T_GRGBW-3,GRGBW-3,2017-01-02,19,101.104'"
67,"b'Actual Generation Output Per Generation Unit (B1610)\nTime Series ID,Registered Resource  EIC Code,BM Unit ID,NGC BM Unit ID,PSR Type,Market Generation Unit EIC Code,Market Generation BMU ID,Market Generation NGC BM Unit ID,Settlement Date,SP,Quantity (MW)\nELX-EMFIP-AGOG-TS-5916,48W00000GRGBW-3R,T_GRGBW-3,GRGBW-3,Generation,48W00000GRGBW-3R,T_GRGBW-3,GRGBW-3,2017-01-02,20,76.246'"
68,"b'Actual Generation Output Per Generation Unit (B1610)\nTime Series ID,Registered Resource  EIC Code,BM Unit ID,NGC BM Unit ID,PSR Type,Market Generation Unit EIC Code,Market Generation BMU ID,Market Generation NGC BM Unit ID,Settlement Date,SP,Quantity (MW)\nELX-EMFIP-AGOG-TS-6247,48W00000GRGBW-3R,T_GRGBW-3,GRGBW-3,Generation,48W00000GRGBW-3R,T_GRGBW-3,GRGBW-3,2017-01-02,21,81.282'"
69,"b'Actual Generation Output Per Generation Unit (B1610)\nTime Series ID,Registered Resource  EIC Code,BM Unit ID,NGC BM Unit ID,PSR Type,Market Generation Unit EIC Code,Market Generation BMU ID,Market Generation NGC BM Unit ID,Settlement Date,SP,Quantity (MW)\nELX-EMFIP-AGOG-TS-6580,48W00000GRGBW-3R,T_GRGBW-3,GRGBW-3,Generation,48W00000GRGBW-3R,T_GRGBW-3,GRGBW-3,2017-01-02,22,70.142'"
70,"b'Actual Generation Output Per Generation Unit (B1610)\nTime Series ID,Registered Resource  EIC Code,BM Unit ID,NGC BM Unit ID,PSR Type,Market Generation Unit EIC Code,Market Generation BMU ID,Market Generation NGC BM Unit ID,Settlement Date,SP,Quantity (MW)\nELX-EMFIP-AGOG-TS-6911,48W00000GRGBW-3R,T_GRGBW-3,GRGBW-3,Generation,48W00000GRGBW-3R,T_GRGBW-3,GRGBW-3,2017-01-02,23,90.85'"
71,"b'Actual Generation Output Per Generation Unit (B1610)\nTime Series ID,Registered Resource  EIC Code,BM Unit ID,NGC BM Unit ID,PSR Type,Market Generation Unit EIC Code,Market Generation BMU ID,Market Generation NGC BM Unit ID,Settlement Date,SP,Quantity (MW)\nELX-EMFIP-AGOG-TS-7245,48W00000GRGBW-3R,T_GRGBW-3,GRGBW-3,Generation,48W00000GRGBW-3R,T_GRGBW-3,GRGBW-3,2017-01-02,24,84.384'"
72,"b'Actual Generation Output Per Generation Unit (B1610)\nTime Series ID,Registered Resource  EIC Code,BM Unit ID,NGC BM Unit ID,PSR Type,Market Generation Unit EIC Code,Market Generation BMU ID,Market Generation NGC BM Unit ID,Settlement Date,SP,Quantity (MW)\nELX-EMFIP-AGOG-TS-7580,48W00000GRGBW-3R,T_GRGBW-3,GRGBW-3,Generation,48W00000GRGBW-3R,T_GRGBW-3,GRGBW-3,2017-01-02,25,85.576'"
73,"b'Actual Generation Output Per Generation Unit (B1610)\nTime Series ID,Registered Resource  EIC Code,BM Unit ID,NGC BM Unit ID,PSR Type,Market Generation Unit EIC Code,Market Generation BMU ID,Market Generation NGC BM Unit ID,Settlement Date,SP,Quantity (MW)\nELX-EMFIP-AGOG-TS-7912,48W00000GRGBW-3R,T_GRGBW-3,GRGBW-3,Generation,48W00000GRGBW-3R,T_GRGBW-3,GRGBW-3,2017-01-02,26,54.33'"
74,"b'Actual Generation Output Per Generation Unit (B1610)\nTime Series ID,Registered Resource  EIC Code,BM Unit ID,NGC BM Unit ID,PSR Type,Market Generation Unit EIC Code,Market Generation BMU ID,Market Generation NGC BM Unit ID,Settlement Date,SP,Quantity (MW)\nELX-EMFIP-AGOG-TS-8240,48W00000GRGBW-3R,T_GRGBW-3,GRGBW-3,Generation,48W00000GRGBW-3R,T_GRGBW-3,GRGBW-3,2017-01-02,27,63.198'"
75,"b'Actual Generation Output Per Generation Unit (B1610)\nTime Series ID,Registered Resource  EIC Code,BM Unit ID,NGC BM Unit ID,PSR Type,Market Generation Unit EIC Code,Market Generation BMU ID,Market Generation NGC BM Unit ID,Settlement Date,SP,Quantity (MW)\nELX-EMFIP-AGOG-TS-8563,48W00000GRGBW-3R,T_GRGBW-3,GRGBW-3,Generation,48W00000GRGBW-3R,T_GRGBW-3,GRGBW-3,2017-01-02,28,47.408'"
76,"b'Actual Generation Output Per Generation Unit (B1610)\nTime Series ID,Registered Resource  EIC Code,BM Unit ID,NGC BM Unit ID,PSR Type,Market Generation Unit EIC Code,Market Generation BMU ID,Market Generation NGC BM Unit ID,Settlement Date,SP,Quantity (MW)\nELX-EMFIP-AGOG-TS-8888,48W00000GRGBW-3R,T_GRGBW-3,GRGBW-3,Generation,48W00000GRGBW-3R,T_GRGBW-3,GRGBW-3,2017-01-02,29,68.918'"
77,"b'Actual Generation Output Per Generation Unit (B1610)\nTime Series ID,Registered Resource  EIC Code,BM Unit ID,NGC BM Unit ID,PSR Type,Market Generation Unit EIC Code,Market Generation BMU ID,Market Generation NGC BM Unit ID,Settlement Date,SP,Quantity (MW)\nELX-EMFIP-AGOG-TS-9212,48W00000GRGBW-3R,T_GRGBW-3,GRGBW-3,Generation,48W00000GRGBW-3R,T_GRGBW-3,GRGBW-3,2017-01-02,30,80.984'"
78,"b'Actual Generation Output Per Generation Unit (B1610)\nTime Series ID,Registered Resource  EIC Code,BM Unit ID,NGC BM Unit ID,PSR Type,Market Generation Unit EIC Code,Market Generation BMU ID,Market Generation NGC BM Unit ID,Settlement Date,SP,Quantity (MW)\nELX-EMFIP-AGOG-TS-9533,48W00000GRGBW-3R,T_GRGBW-3,GRGBW-3,Generation,48W00000GRGBW-3R,T_GRGBW-3,GRGBW-3,2017-01-02,31,90.034'"
79,"b'Actual Generation Output Per Generation Unit (B1610)\nTime Series ID,Registered Resource  EIC Code,BM Unit ID,NGC BM Unit ID,PSR Type,Market Generation Unit EIC Code,Market Generation BMU ID,Market Generation NGC BM Unit ID,Settlement Date,SP,Quantity (MW)\nELX-EMFIP-AGOG-TS-9847,48W00000GRGBW-3R,T_GRGBW-3,GRGBW-3,Generation,48W00000GRGBW-3R,T_GRGBW-3,GRGBW-3,2017-01-02,32,75.202'"
80,"b'Actual Generation Output Per Generation Unit (B1610)\nTime Series ID,Registered Resource  EIC Code,BM Unit ID,NGC BM Unit ID,PSR Type,Market Generation Unit EIC Code,Market Generation BMU ID,Market Generation NGC BM Unit ID,Settlement Date,SP,Quantity (MW)\nELX-EMFIP-AGOG-TS-10174,48W00000GRGBW-3R,T_GRGBW-3,GRGBW-3,Generation,48W00000GRGBW-3R,T_GRGBW-3,GRGBW-3,2017-01-02,33,70.064'"
81,"b'Actual Generation Output Per Generation Unit (B1610)\nTime Series ID,Registered Resource  EIC Code,BM Unit ID,NGC BM Unit ID,PSR Type,Market Generation Unit EIC Code,Market Generation BMU ID,Market Generation NGC BM Unit ID,Settlement Date,SP,Quantity (MW)\nELX-EMFIP-AGOG-TS-10518,48W00000GRGBW-3R,T_GRGBW-3,GRGBW-3,Generation,48W00000GRGBW-3R,T_GRGBW-3,GRGBW-3,2017-01-02,34,71.534'"
82,"b'Actual Generation Output Per Generation Unit (B1610)\nTime Series ID,Registered Resource  EIC Code,BM Unit ID,NGC BM Unit ID,PSR Type,Market Generation Unit EIC Code,Market Generation BMU ID,Market Generation NGC BM Unit ID,Settlement Date,SP,Quantity (MW)\nELX-EMFIP-AGOG-TS-10863,48W00000GRGBW-3R,T_GRGBW-3,GRGBW-3,Generation,48W00000GRGBW-3R,T_GRGBW-3,GRGBW-3,2017-01-02,35,72.442'"
83,"b'Actual Generation Output Per Generation Unit (B1610)\nTime Series ID,Registered Resource  EIC Code,BM Unit ID,NGC BM Unit ID,PSR Type,Market Generation Unit EIC Code,Market Generation BMU ID,Market Generation NGC BM Unit ID,Settlement Date,SP,Quantity (MW)\nELX-EMFIP-AGOG-TS-11210,48W00000GRGBW-3R,T_GRGBW-3,GRGBW-3,Generation,48W00000GRGBW-3R,T_GRGBW-3,GRGBW-3,2017-01-02,36,66.61'"
84,"b'Actual Generation Output Per Generation Unit (B1610)\nTime Series ID,Registered Resource  EIC Code,BM Unit ID,NGC BM Unit ID,PSR Type,Market Generation Unit EIC Code,Market Generation BMU ID,Market Generation NGC BM Unit ID,Settlement Date,SP,Quantity (MW)\nELX-EMFIP-AGOG-TS-11552,48W00000GRGBW-3R,T_GRGBW-3,GRGBW-3,Generation,48W00000GRGBW-3R,T_GRGBW-3,GRGBW-3,2017-01-02,37,60.14'"
85,"b'Actual Generation Output Per Generation Unit (B1610)\nTime Series ID,Registered Resource  EIC Code,BM Unit ID,NGC BM Unit ID,PSR Type,Market Generation Unit EIC Code,Market Generation BMU ID,Market Generation NGC BM Unit ID,Settlement Date,SP,Quantity (MW)\nELX-EMFIP-AGOG-TS-11889,48W00000GRGBW-3R,T_GRGBW-3,GRGBW-3,Generation,48W00000GRGBW-3R,T_GRGBW-3,GRGBW-3,2017-01-02,38,50.576'"
86,"b'Actual Generation Output Per Generation Unit (B1610)\nTime Series ID,Registered Resource  EIC Code,BM Unit ID,NGC BM Unit ID,PSR Type,Market Generation Unit EIC Code,Market Generation BMU ID,Market Generation NGC BM Unit ID,Settlement Date,SP,Quantity (MW)\nELX-EMFIP-AGOG-TS-12225,48W00000GRGBW-3R,T_GRGBW-3,GRGBW-3,Generation,48W00000GRGBW-3R,T_GRGBW-3,GRGBW-3,2017-01-02,39,58.876'"
87,"b'Actual Generation Output Per Generation Unit (B1610)\nTime Series ID,Registered Resource  EIC Code,BM Unit ID,NGC BM Unit ID,PSR Type,Market Generation Unit EIC Code,Market Generation BMU ID,Market Generation NGC BM Unit ID,Settlement Date,SP,Quantity (MW)\nELX-EMFIP-AGOG-TS-12541,48W00000GRGBW-3R,T_GRGBW-3,GRGBW-3,Generation,48W00000GRGBW-3R,T_GRGBW-3,GRGBW-3,2017-01-02,40,54.754'"
88,"b'Actual Generation Output Per Generation Unit (B1610)\nTime Series ID,Registered Resource  EIC Code,BM Unit ID,NGC BM Unit ID,PSR Type,Market Generation Unit EIC Code,Market Generation BMU ID,Market Generation NGC BM Unit ID,Settlement Date,SP,Quantity (MW)\nELX-EMFIP-AGOG-TS-12851,48W00000GRGBW-3R,T_GRGBW-3,GRGBW-3,Generation,48W00000GRGBW-3R,T_GRGBW-3,GRGBW-3,2017-01-02,41,61.624'"
89,"b'Actual Generation Output Per Generation Unit (B1610)\nTime Series ID,Registered Resource  EIC Code,BM Unit ID,NGC BM Unit ID,PSR Type,Market Generation Unit EIC Code,Market Generation BMU ID,Market Generation NGC BM Unit ID,Settlement Date,SP,Quantity (MW)\nELX-EMFIP-AGOG-TS-13154,48W00000GRGBW-3R,T_GRGBW-3,GRGBW-3,Generation,48W00000GRGBW-3R,T_GRGBW-3,GRGBW-3,2017-01-02,42,62.35'"
90,"b'Actual Generation Output Per Generation Unit (B1610)\nTime Series ID,Registered Resource  EIC Code,BM Unit ID,NGC BM Unit ID,PSR Type,Market Generation Unit EIC Code,Market Generation BMU ID,Market Generation NGC BM Unit ID,Settlement Date,SP,Quantity (MW)\nELX-EMFIP-AGOG-TS-13451,48W00000GRGBW-3R,T_GRGBW-3,GRGBW-3,Generation,48W00000GRGBW-3R,T_GRGBW-3,GRGBW-3,2017-01-02,43,57.65'"
91,"b'Actual Generation Output Per Generation Unit (B1610)\nTime Series ID,Registered Resource  EIC Code,BM Unit ID,NGC BM Unit ID,PSR Type,Market Generation Unit EIC Code,Market Generation BMU ID,Market Generation NGC BM Unit ID,Settlement Date,SP,Quantity (MW)\nELX-EMFIP-AGOG-TS-13746,48W00000GRGBW-3R,T_GRGBW-3,GRGBW-3,Generation,48W00000GRGBW-3R,T_GRGBW-3,GRGBW-3,2017-01-02,44,48.94'"
92,"b'Actual Generation Output Per Generation Unit (B1610)\nTime Series ID,Registered Resource  EIC Code,BM Unit ID,NGC BM Unit ID,PSR Type,Market Generation Unit EIC Code,Market Generation BMU ID,Market Generation NGC BM Unit ID,Settlement Date,SP,Quantity (MW)\nELX-EMFIP-AGOG-TS-14038,48W00000GRGBW-3R,T_GRGBW-3,GRGBW-3,Generation,48W00000GRGBW-3R,T_GRGBW-3,GRGBW-3,2017-01-02,45,54.734'"
93,"b'Actual Generation Output Per Generation Unit (B1610)\nTime Series ID,Registered Resource  EIC Code,BM Unit ID,NGC BM Unit ID,PSR Type,Market Generation Unit EIC Code,Market Generation BMU ID,Market Generation NGC BM Unit ID,Settlement Date,SP,Quantity (MW)\nELX-EMFIP-AGOG-TS-14326,48W00000GRGBW-3R,T_GRGBW-3,GRGBW-3,Generation,48W00000GRGBW-3R,T_GRGBW-3,GRGBW-3,2017-01-02,46,74.29'"
94,"b'Actual Generation Output Per Generation Unit (B1610)\nTime Series ID,Registered Resource  EIC Code,BM Unit ID,NGC BM Unit ID,PSR Type,Market Generation Unit EIC Code,Market Generation BMU ID,Market Generation NGC BM Unit ID,Settlement Date,SP,Quantity (MW)\nELX-EMFIP-AGOG-TS-14609,48W00000GRGBW-3R,T_GRGBW-3,GRGBW-3,Generation,48W00000GRGBW-3R,T_GRGBW-3,GRGBW-3,2017-01-02,47,68.266'"
95,"b'Actual Generation Output Per Generation Unit (B1610)\nTime Series ID,Registered Resource  EIC Code,BM Unit ID,NGC BM Unit ID,PSR Type,Market Generation Unit EIC Code,Market Generation BMU ID,Market Generation NGC BM Unit ID,Settlement Date,SP,Quantity (MW)\nELX-EMFIP-AGOG-TS-14891,48W00000GRGBW-3R,T_GRGBW-3,GRGBW-3,Generation,48W00000GRGBW-3R,T_GRGBW-3,GRGBW-3,2017-01-02,48,63.532'"
